<?xml version="1.0" encoding="UTF-8"?>
    <addon id="repository.therascal" name="[COLOR red]* The Rascal REPO[/COLOR]" version="3.1.0" provider-name="Pascal">
        <requires>
            <import addon="xbmc.addon" version="12.0.0"/>
        </requires>
        <extension point="xbmc.addon.repository" name="The Rascal Repo">
			<info compressed="false">https://raw.githubusercontent.com/pascaltherascal/pascaltherascal/main/repo/addons.xml</info>
			<checksum>https://raw.githubusercontent.com/pascaltherascal/pascaltherascal/main/repo/addons.xml.md5</checksum>
			<datadir zip="true">https://raw.githubusercontent.com/pascaltherascal/pascaltherascal/main/repo/</datadir>
            <hashes>false</hashes>
        </extension>
        <extension point="xbmc.addon.metadata">
            <summary>Repo of my addon modifications and redesigns.</summary>
            <description>Repo of my addon modifications and redesigns.</description>
            <platform>all</platform>
		<license>GNU GENERAL PUBLIC LICENSE. Version - 11 March 2021</license>
		<assets>
			<icon>icon.png</icon>
			<fanart>fanart.png</fanart>
		</assets>
    </extension>
</addon>