<?xml version="1.0" encoding="UTF-8" standalone="yes"?>
    <addon id="repository.therascal" name="[COLOR red]* The Rascal REPO[/COLOR]" version="3.1.0" provider-name="Pascal">
        <extension point="xbmc.addon.repository" name="The Rascal Repo">
		<dir minversion="18.0">
			<info compressed="false">https://raw.githubusercontent.com/pascaltherascal/pascaltherascal/main/repo/zip/addons.xml</info>
			<checksum>https://raw.githubusercontent.com/pascaltherascal/pascaltherascal/main/repo/zip/addons.xml.md5</checksum>
			<datadir zip="true">https://raw.githubusercontent.com/pascaltherascal/pascaltherascal/main/repo/zip/</datadir>
        </dir>
        </extension>
        <extension point="xbmc.addon.metadata">
            <summary>Repo of my addon modifications and redesigns.</summary>
            <description>Repo of my addon modifications and redesigns.</description>
            <platform>all</platform>
		<license>GNU GENERAL PUBLIC LICENSE. Version - 11 March 2021</license>
		<assets>
			<icon>icon.png</icon>
			<fanart>fanart.png</fanart>
		</assets>
    </extension>
</addon>